Scottish Parliament elections 2016 - ,,,GENERAL,,,,,,,REJECTED BALLOT PAPERS,,,,,POSTAL VOTES,,,,,,,,,,,,,,,,,,,,,,,,,,,,,,,,
Administration - Constituencies,,,,,,,,,,,,,,,A. Issue of postal ballot papers,,,,,B. Receipt of postal ballot packs,,,,,,,,,,C. Checks on personal identifiers,,,,,,,,,D. Waivers,E. Summary of postal ballot packs,,,F. Proxies,,,,
ONS Constituency Code,Constituency,Region,Electorate ,Total valid votes cast,Valid votes turnout (%),Total ballots at the count,Ballot box turnout (incl. votes rejected at count) (%),Total number of ballots returned by close of poll,Total vote turnout (incl. postal votes rejected and votes  rejected at count) (%),Number of ballot papers rejected or not counted at the count for a) want of official mark,Number of ballot papers rejected at the count for b) voting more than once,Number of ballot papers rejected at the count for c) Writing or mark by which the voter could be identified,Number of ballot papers rejected at the count for d) unmarked or wholly void for uncertainty,Total number of ballot papers rejected at the count , Number of original postal ballot papers issued  , Number of postal ballot packs replaced due to the original pack being lost or not received ," Number of postal ballot packs replaced due to the original being spoiled
 ", Number of postal ballot packs replaced due to the elector requesting the pack be sent to a different address (i.e. ballot packs issued but then cancelled and reissued due to elector changing their registered address) , Total number of postal ballot papers issued (i.e Total A1 to A4) , Number of complete postal ballot packs received by the close of the poll (excluding those returned in B3 to B6)(i.e. PVS and matching ballot paper returned) ," Number of postal voting statements received by the close of poll WITHOUT the corresponding ballot paper
 "," Number of  ballot papers received by the close of poll WITHOUT the corresponding postal voting statements
 "," Number of postal ballot papers cancelled on request of elector by 5pm on the eleventh working day before the poll
 ", Number of postal ballot packs cancelled as spoiled by close of poll   , Number of postal ballot packs cancelled as lost by close of poll ," Number of postal ballot packs returned as undeliverable by the seventh calendar day after the poll
 "," Number of postal ballot packs received between the close of poll and the seventh calendar day after the poll
 "," Total number of postal ballot packs not returned (including empty envelopes and any ballot packs received more than seven calendar days after the poll) 
 ", Total postal ballot packs (i.e total of B1-B8) (should equal A5) ," Number of postal voting statements checked against the personal identifier record
 ", Number of postal voting statements where required personal identifiers were verified as valid , Number of postal voting statements rejected because there was no signature , Number of postal voting statements rejected because there was no date of birth , Number of postal voting statements rejected because there was no signature and no date of birth , Number of postal voting statements rejected due to a mismatched signature , Number of postal voting statements rejected due to a mismatched date of birth , Number of postal voting statements rejected due to a mismatch of both identifiers ," Total checks on personal identifiers (i.e Total of C2-C4, should equal C1) ", Number of signature waivers granted (as per the personal identifiers record) ," Number of ballot packs rejected due to missing ballot paper or PVS (should equal B2a plus B2b)
 ", Number of postal voting statements rejected due to absence or mismatch of personal identifiers (should equal C3a to C4c)  , Number of postal ballot papers sent to the count(should equal C2) , Number of standard proxies (excluding postal proxies) granted , Number of standard proxies with postal votes granted , Number of emergency proxies granted , Total number of proxies (i.e total of F1 to F3) ,
S16000074,Aberdeen Central,North East Scotland,57195," 26,833 ",46.9," 26,891 ",47.0," 27,040 ",47.3, -   , 8 , -   , 50 , 58 ,"11,521",21,4,70,"11,616","8,424",97,15,0,4,21,54,23,"2,978","11,616","8,424","8,314",13,4,24,21,43,5,"8,424",60,112,110,"8,217",102,8,9,119,
S16000075,Aberdeen Donside,North East Scotland,61200," 31,040 ",50.7," 31,092 ",50.8," 31,330 ",51.2, -   , 9 , 1 , 42 , 52 ,"13,566",19,2,41,"13,628","10,473",139,14,0,2,19,85,38,"2,858","13,628","10,473","10,322",17,3,29,44,54,4,"10,473",64,153,151,"10,183",110,12,3,125,
S16000076,Aberdeen S. and N. Kincardine,North East Scotland,59710," 32,368 ",54.2," 32,424 ",54.3," 32,608 ",54.6, -   , 14 , 1 , 41 , 56 ,"14,060",17,1,38,"14,116","10,880",125,17,0,1,17,51,30,"2,995","14,116","10,880","10,765",10,2,28,22,49,4,"10,880",82,142,115,"10,640",138,13,9,160,
S16000077,Aberdeenshire East,North East Scotland,62844," 34,881 ",55.5," 34,920 ",55.6," 34,312 ",54.6, -   , 8 , -   , 31 , 39 ,"12,595",13,6,50,"12,614","9,088",53,15,0,6,13,41,12,"3,386","12,614","9,141","9,004",12,4,35,29,45,12,"9,141",63,68,137,"9,657",180,15,8,203,
S16000078,Aberdeenshire West,North East Scotland,59576," 35,223 ",59.1," 35,274 ",59.2," 35,332 ",59.3, -   , 4 , -   , 47 , 51 ,"12,434",11,14,45,"12,504","9,757",7,23,0,11,14,27,3,"2,662","12,504","9,757","9,648",13,7,30,13,40,6,"9,757",70,30,109,"9,648",190,10,8,208,
S16000079,Airdrie & Shotts,Central Scotland,53912," 26,646 ",49.4," 26,672 ",49.5," 26,762 ",49.6, -   , 7 , -   , 19 , 26 ,"6,974",9,1,0,"6,984","4,780",8,105,2,1,9,57,6,"2,016","6,984","4,677","4,664",5,2,1,1,3,1,"4,677",43,113,13,"4,664",64,0,3,67,
S16000080,Almond Valley,Lothian,64901," 34,979 ",53.9," 35,034 ",54.0," 35,242 ",54.3, -   , 23 , 1 , 31 , 55 ,"11,575",7,1,2,"11,585","8,506",5,26,45,1,7,67,31,"2,897","11,585","8,506","8,243",17,2,62,32,130,20,"8,506",186,39,263,"8,243",112,4,0,116,
S16000081,Angus North & Mearns,North East Scotland,54355," 29,494 ",54.3," 29,534 ",54.3," 29,728 ",54.7, -   , 9 , 1 , 30 , 40 ,"9,766",4,4,4,"9,778","7,556",54,23,62,4,4,44,35,"1,996","9,778","7,556","7,375",16,5,52,62,33,13,"7,556",81,77,181,"7,322",186,8,6,200,
S16000082,Angus South,North East Scotland,56418," 32,017 ",56.7," 32,069 ",56.8," 32,256 ",57.2, -   , 9 , 1 , 42 , 52 ,"10,612",8,6,8,"10,632","8,309",71,47,54,8,6,63,23,"2,051","10,632","8,309","8,142",4,2,18,89,36,16,"8,307",117,118,165,"8,070",184,9,4,197,
S16000083,Argyll & Bute,Highlands and Islands,48526," 29,559 ",60.9," 29,595 ",61.0," 29,629 ",61.1, -   , 5 , -   , 31 , 36 ,"9,434",11,2,3,"9,450","7,447",52,23,76,2,11,41,31,"1,767","9,450","7,499","7,429",14,2,1,8,42,3,"7,499",62,75,70,"7,377",162,5,5,172,
S16000084,Ayr,South Scotand,61567," 37,686 ",61.2," 37,750 ",61.3," 38,001 ",61.7, -   , 10 , -   , 54 , 64 ,"13,286",25,9,0,"13,320","11,069",95,32,0,9,25,48,49,"1,993","13,320","11,069","10,849",24,4,38,82,54,18,"11,069",175,127,220,"10,754",167,16,10,193,
S16000085,Banffshire & Buchan Coast,North East Scotland,59155," 28,808 ",48.7," 28,850 ",48.8," 28,818 ",48.7, -   , 8 , -   , 34 , 42 ,"12,636",8,4,52,"12,700","9,530",6,26,0,4,0,46,16,"3,074","12,702","9,804","9,520",16,4,33,166,56,9,"9,804",110,30,284,"9,520",181,18,6,205,
S16000086,Caithness Sutherland & Ross,Highlands and Islands,55176," 32,302 ",58.5," 32,361 ",58.7," 32,414 ",58.7, -   , 7 , -   , 52 , 59 ,"10,170",10,3,12,"10,195","7,948",55,16,80,3,10,41,15,"2,027","10,195","7,948","7,836",14,6,33,27,31,1,"7,948",71,71,112,"7,836",235,12,7,254,
S16000087,"Carrick, Cumnock & Doon Valley",South Scotand,58547," 31,787 ",54.3," 31,831 ",54.4," 32,000 ",54.7, -   , 12 , -   , 32 , 44 ,"10,437",7,14,0,"10,458","8,187",60,25,49,14,7,46,31,"2,039","10,458","8,247","8,032",20,1,31,104,42,17,"8,247",101,85,215,"7,974",88,4,6,98,
S16000088,Clackmannanshire & Dunblane,Mid Scotland and Fife,50557," 29,803 ",58.9," 29,853 ",59.0," 30,037 ",59.4, -   , 13 , -   , 37 , 50 ,"7,256",18,0,2,"7,276","5,929",33,14,58,2,18,9,15,"1,198","7,276","5,929","5,740",9,4,36,51,74,15,"5,929",82,47,189,"5,695",145,7,4,156,
S16000089,Clydebank & Milngavie,West Scotland,54769," 32,940 ",60.1," 32,990 ",60.2," 32,968 ",60.2, -   , 12 , -   , 38 , 50 ,"8,045",8,4,1,"8,058","6,442",9,93,1,4,8,20,13,"1,468","8,058","6,442","6,414",6,2,0,11,9,0,"6,442",57,102,28,"6,414",112,2,6,120,
S16000090,Clydesdale,South Scotand,58483," 33,740 ",57.7," 33,806 ",57.8," 33,842 ",57.9, -   , 9 , 1 , 56 , 66 ,"9,888",11,8,5,"9,912","7,431",63,18,50,8,11,10,10,"2,311","9,912","7,431","7,329",8,4,30,20,37,3,"7,431",116,81,102,"7,329",146,7,2,155,
S16000091,Coatbridge & Chryston,Central Scotland,53192," 28,379 ",53.4," 28,413 ",53.4," 28,515 ",53.6, 2 , 10 , -   , 22 , 34 ,"6,793",12,2,0,"6,807","4,739",8,129,2,2,12,69,7,"1,839","6,807","4,612","4,603",2,1,1,5,2,0,"4,614",51,137,12,"4,603",86,1,2,89,
S16000092,Cowdenbeath,Mid Scotland and Fife,54596," 29,819 ",54.6," 29,876 ",54.7," 30,007 ",55.0, -   , 18 , -   , 39 , 57 ,"9,394",9,3,0,"9,406","7,185",51,31,0,3,9,29,6,"2,092","9,406","7,185","7,048",13,2,19,60,35,8,"7,185",39,82,137,"6,997",84,6,5,95,
S16000093,Cumbernauld & Kilsyth,Central Scotland,49981," 28,372 ",56.8," 28,430 ",56.9," 28,528 ",57.1, -   , 6 , -   , 52 , 58 ,"7,389",6,2,0,"7,397","4,722",14,154,5,2,6,61,4,"2,429","7,397","4,573","4,566",3,0,2,1,1,0,"4,573",45,168,7,"4,566",103,1,2,106,
S16000094,Cunninghame North,West Scotland,55645," 32,046 ",57.6," 32,097 ",57.7," 32,209 ",57.9, -   , 5 , 1 , 45 , 51 ,"10,027",16,7,0,"10,050","8,057",63,26,66,16,7,44,31,"1,740","10,050","8,057","7,957",10,5,25,34,20,6,"8,057",160,89,100,"7,894",126,10,4,140,
S16000095,Cunninghame South,West Scotland,50214," 25,800 ",51.4," 25,839 ",51.5," 25,961 ",51.7, -   , 8 , -   , 31 , 39 ,"7,236",8,3,0,"7,247","5,770",54,13,45,8,3,24,20,"1,310","7,247","5,770","5,663",7,0,32,39,22,7,"5,770",73,67,107,"5,609",73,8,2,83,
S16000096,Dumbarton,West Scotland,55104," 33,614 ",61.0," 33,689 ",61.1," 33,655 ",61.1, 25 , 11 , -   , 39 , 75 ,"8,426",7,4,2,"8,439","6,813",1,91,8,4,7,50,12,"1,446","8,432","6,813","6,772",7,1,1,21,11,0,"6,813",48,92,32,"6,772",202,3,5,210,
S16000097,Dumfriesshire,South Scotand,60698," 36,291 ",59.8," 36,373 ",59.9," 36,409 ",60.0, -   , 10 , -   , 72 , 82 ,"13,902",23,18,0,"13,943","11,231",0,28,0,18,23,23,18,"2,602","13,943","11,231","11,113",22,17,2,26,45,6,"11,231",137,33,118,"11,113",164,16,11,191,
S16000098,Dundee City East,North East Scotland,55266," 28,503 ",51.6," 28,566 ",51.7," 28,614 ",51.8, -   , 18 , -   , 45 , 63 ,"11,016",22,7,0,"11,045","8,184",65,27,160,22,7,57,15,"2,508","11,045","8,184","8,073",19,2,41,16,28,5,"8,184",143,92,111,"8,073",152,0,5,157,
S16000099,Dundee City West,North East Scotland,53838," 27,839 ",51.7," 27,904 ",51.8," 27,998 ",52.0, -   , 16 , -   , 49 , 65 ,"10,124",19,6,0,"10,149","7,670",76,29,174,19,6,29,16,"2,130","10,149","7,670","7,511",26,5,55,17,48,8,"7,670",150,106,159,"7,511",114,1,4,119,
S16000100,Dunfermline,Mid Scotland and Fife,57740," 32,989 ",57.1," 33,020 ",57.2," 33,205 ",57.5, -   , 7 , 1 , 23 , 31 ,"11,226",1,1,0,"11,228","8,517",55,23,0,1,1,69,30,"2,532","11,228","8,517","8,356",14,1,38,57,42,9,"8,517",56,78,161,"8,301",108,5,1,114,
S16000101,East Kilbride,Central Scotland,61149," 34,709 ",56.8," 34,767 ",56.9," 34,790 ",56.9, -   , 10 , 1 , 47 , 58 ,"8,829",23,8,3,"8,863","6,423",62,20,34,8,23,15,13,"2,265","8,863","6,423","6,342",11,1,24,6,37,2,"6,423",112,82,81,"6,342",111,0,5,116,
S16000102,East Lothian,South Scotand,60848," 37,980 ",62.4," 38,027 ",62.5," 38,318 ",63.0, -   , 8 , 1 , 38 , 47 ,"11,786",19,5,0,"11,810","9,589",76,19,83,5,19,53,25,"1,941","11,810","9,662","9,321",14,5,61,113,120,28,"9,662",254,95,341,"9,251",173,12,6,191,
S16000103,Eastwood,West Scotland,53085," 36,329 ",68.4," 36,387 ",68.5," 36,598 ",68.9, -   , 4 , -   , 54 , 58 ,"11,764",56,13,0,"11,833","9,665",49,124,0,13,56,73,24,"1,829","11,833","9,492","9,396",3,6,0,53,26,8,"9,492",106,173,96,"9,396",93,4,4,101,
S16000104,Edinburgh Central,Lothian,59581," 34,166 ",57.3," 34,234 ",57.5," 34,520 ",57.9, -   , 15 , 1 , 52 , 68 ,"11,241",39,2,0,"11,282","8,741",10,85,0,2,41,85,17,"2,301","11,282","8,741","8,472",6,3,40,59,147,14,"8,741",133,95,269,"8,387",242,25,10,277,
S16000105,Edinburgh Eastern,Lothian,62817," 35,627 ",56.7," 35,698 ",56.8," 36,096 ",57.5, -   , 30 , -   , 41 , 71 ,"12,434",14,3,0,"12,451","9,608",25,60,0,5,14,85,23,"2,631","12,451","9,608","9,199",21,4,69,102,172,41,"9,608",376,85,409,"9,139",142,10,6,158,
S16000106,Edinburgh Northern & Leith,Lothian,67273," 37,214 ",55.3," 37,287 ",55.4," 37,738 ",56.1, -   , 23 , -   , 50 , 73 ,"12,197",33,4,0,"12,234","9,124",28,154,0,4,33,86,21,"2,784","12,234","9,124","8,754",22,3,48,75,194,28,"9,124",297,182,370,"8,600",182,13,9,204,
S16000107,Edinburgh Pentlands,Lothian,55241," 33,449 ",60.6," 33,516 ",60.7," 33,936 ",61.4, -   , 16 , -   , 51 , 67 ,"12,464",7,3,0,"12,474","10,201",16,65,0,3,7,85,18,"2,079","12,474","10,124","9,779",17,3,49,91,163,22,"10,124",226,81,345,"9,714",134,14,8,156,
S16000108,Edinburgh Southern,Lothian,59587," 38,459 ",64.5," 38,523 ",64.7," 38,845 ",65.2, -   , 7 , -   , 57 , 64 ,"12,721",30,3,0,"12,754","10,201",13,57,0,3,30,86,27,"2,337","12,754","10,201","9,872",19,7,48,79,148,28,"10,201",445,70,329,"9,815",260,21,13,294,
S16000109,Edinburgh Western,Lothian,61666," 39,858 ",64.6," 39,913 ",64.7," 40,298 ",65.3, -   , 12 , -   , 43 , 55 ,"14,184",12,6,0,"14,202","11,615",13,75,0,6,12,86,41,"2,354","14,202","11,615","11,250",25,5,64,62,179,30,"11,615",168,88,365,"11,175",152,15,7,174,
S16000111,"Ettrick, Roxburgh & Berwickshire",South Scotand,54517," 33,121 ",60.8," 33,189 ",60.9," 33,313 ",61.1, -   , 14 , 1 , 53 , 68 ,"7,749",27,0,2,"7,778","6,585",5,16,8,0,27,18,18,"1,101","7,778","6,585","6,393",15,6,32,41,82,16,"6,585",198,21,192,"6,393",196,4,12,212,
S16000112,Falkirk East,Central Scotland,60271," 32,587 ",54.1," 32,632 ",54.1," 32,780 ",54.4, -   , 12 , -   , 33 , 45 ,"7,499",11,4,0,"7,514","6,031",4,17,0,4,11,12,21,"1,414","7,514","6,031","5,838",11,1,39,32,93,17,"6,031",59,21,193,"5,838",91,6,2,99,
S16000113,Falkirk West,Central Scotland,59812," 32,154 ",53.8," 32,197 ",53.8," 32,330 ",54.1, -   , 8 , -   , 35 , 43 ,"7,777",16,3,0,"7,796","6,159",3,26,0,3,16,10,19,"1,560","7,796","6,159","5,983",12,5,30,26,85,18,"6,159",72,29,176,"5,983",124,1,4,129,
S16000114,Galloway & West Dumfries,South Scotand,56321," 33,427 ",59.4," 33,484 ",59.5," 33,547 ",59.6, -   , 13 , -   , 44 , 57 ,"12,057",25,14,0,"12,096","9,821",1,33,0,14,25,20,31,"2,151","12,096","9,821","9,701",29,20,2,18,20,9,"9,821",132,28,120,"9,701",128,10,13,151,
S16000115,Glasgow Anniesland,Glasgow,57884," 29,182 ",50.4," 29,240 ",50.5," 29,398 ",50.8, -   , 11 , 1 , 46 , 58 ,"8,878",16,5,0,"8,899","6,334",63,30,0,5,16,139,31,"2,281","8,899","6,334","6,180",14,2,35,55,36,12,"6,334",152,93,154,"6,118",14,0,4,18,
S16000116,Glasgow Cathcart,Glasgow,60871," 30,739 ",50.5," 30,807 ",50.6," 30,965 ",50.9, -   , 13 , 1 , 54 , 68 ,"8,880",12,8,0,"8,900","6,381",64,28,0,8,12,162,24,"2,221","8,900","6,381","6,217",21,5,24,65,40,9,"6,381",244,92,164,"6,155",19,5,2,26,
S16000117,Glasgow Kelvin,Glasgow,62203," 28,464 ",45.8," 28,551 ",45.9," 28,633 ",46.0, -   , 30 , -   , 57 , 87 ,"7,565",19,7,0,"7,591","5,114",59,24,0,7,19,213,26,"2,129","5,462","5,114","5,004",9,2,27,36,25,11,"5,114",154,83,110,"4,945",21,2,7,30,
S16000118,Glasgow Maryhill & Springburn,Glasgow,53647," 23,751 ",44.3," 23,802 ",44.4," 23,984 ",44.7, -   , 15 , -   , 36 , 51 ,"7,985",13,8,0,"8,006","5,496",71,35,0,8,13,141,30,"2,212","5,794","5,496","5,334",7,6,37,56,40,16,"5,496",233,106,162,"5,263",17,3,2,22,
S16000119,Glasgow Pollok,Glasgow,61350," 28,064 ",45.7," 28,133 ",45.9," 28,312 ",46.1, -   , 28 , 1 , 40 , 69 ,"9,182",19,4,0,"9,205","6,364",56,27,0,4,19,161,37,"2,537","6,668","6,364","6,172",15,2,41,79,45,10,"6,364",287,83,192,"6,116",13,1,0,14,
S16000120,Glasgow Provan,Glasgow,56169," 24,210 ",43.1," 24,271 ",43.2," 24,352 ",43.4, -   , 17 , -   , 44 , 61 ,"7,604",5,5,0,"7,614","5,257",72,27,0,5,5,122,32,"2,094","5,520","5,257","5,115",14,2,28,49,34,15,"5,257",202,99,142,"5,115",16,1,1,18,
S16000121,Glasgow Shettleston,Glasgow,58021," 25,489 ",43.9," 25,537 ",44.0," 25,723 ",44.3, -   , 13 , 2 , 33 , 48 ,"8,197",14,7,0,"8,218","5,643",66,34,0,7,14,124,24,"2,306","5,912","5,643","5,475",12,0,38,66,41,11,"5,643",170,100,168,"5,409",17,0,1,18,
S16000122,Glasgow Southside,Glasgow,52141," 25,154 ",48.2," 25,222 ",48.4," 25,364 ",48.6, -   , 20 , -   , 48 , 68 ,"7,695",13,8,0,"7,716","5,107",46,26,0,8,13,106,39,"2,371","5,345","5,107","4,942",9,4,26,78,30,18,"5,107",184,72,165,"4,897",14,4,2,20,
S16000123,Greenock & Inverclyde,West Scotland,55172," 31,818 ",57.7," 31,881 ",57.8," 31,878 ",57.8, -   , 10 , -   , 53 , 63 ,"11,407",23,1,0,"11,431","8,621",10,160,0,1,23,72,12,"2,532","11,431","8,791","8,561",3,3,3,157,54,10,"8,791",146,170,230,"8,561",82,1,1,84,
S16000124,"Hamilton, Larkhall & Stonehouse",Central Scotland,57662," 28,965 ",50.2," 29,023 ",50.3," 29,036 ",50.4, -   , 13 , -   , 45 , 58 ,"8,049",14,4,0,"8,067","5,718",78,22,31,4,14,6,12,"2,182","8,067","5,718","5,647",10,2,29,6,24,0,"5,718",91,100,71,"5,647",105,2,4,111,
S16000125,Inverness & Nairn,Highlands and Islands,66619," 38,516 ",57.8," 38,579 ",57.9," 38,666 ",58.0, -   , 14 , 1 , 48 , 63 ,"13,958",15,6,8,"13,987","10,621",87,27,144,4,19,119,36,"2,930","13,987","10,621","10,471",25,1,34,37,50,3,"10,621",127,114,150,"10,471",227,14,9,250,
S16000126,Kilmarnock & Irvine Valley,South Scotand,62620," 34,463 ",55.0," 34,512 ",55.1," 34,627 ",55.3, -   , 16 , -   , 33 , 49 ,"9,577",7,13,0,"9,597","7,669",70,26,39,13,7,46,9,"1,718","9,597","7,739","7,573",17,4,25,82,36,2,"7,739",123,96,166,"7,505",95,3,8,106,
S16000127,Kirkcaldy,Mid Scotland and Fife,59533," 31,222 ",52.4," 31,274 ",52.5," 31,457 ",52.8, -   , 14 , -   , 38 , 52 ,"11,318",8,3,0,"11,329","8,500",93,31,0,3,8,37,57,"2,600","11,329","8,500","8,358",9,2,29,56,35,11,"8,500",64,124,142,"8,265",65,3,2,70,
S16000128,Linlithgow,Lothian,71434," 38,614 ",54.1," 38,649 ",54.1," 38,927 ",54.5, -   , 11 , -   , 24 , 35 ,"12,975",11,3,6,"12,995","9,525",3,31,59,3,11,86,26,"3,251","12,995","9,525","9,212",28,8,74,36,147,20,"9,525",243,34,313,"9,212",124,3,2,129,
S16000129,Mid Fife & Glenrothes,Mid Scotland and Fife,53241," 28,621 ",53.8," 28,667 ",53.8," 28,829 ",54.1, -   , 7 , -   , 39 , 46 ,"9,285",7,0,0,"9,292","7,067",71,27,0,0,7,30,16,"2,074","9,292","7,067","6,930",14,1,33,41,37,11,"7,067",56,98,137,"6,859",65,3,2,70,
S16000130,Midlothian North & Musselburgh,Lothian,63360," 34,812 ",54.9," 34,865 ",55.0," 35,147 ",55.5, -   , 7 , -   , 46 , 53 ,"12,351",13,5,0,"12,369","9,413",105,22,0,5,13,60,21,"2,730","12,369","9,413","9,078",25,17,42,62,150,39,"9,413",337,127,335,"9,078",128,14,5,147,
S16000131,"Midlothian South, Tweeddale & Lauderdale",South Scotand,60203," 35,697 ",59.3," 35,751 ",59.4," 35,925 ",59.7, -   , 11 , -   , 43 , 54 ,"9,476",22,0,1,"9,499","7,589",4,13,9,0,22,27,28,"1,807","9,499","7,589","7,361",15,2,31,62,93,25,"7,589",111,17,228,"7,361",139,1,7,147,
S16000132,Moray,Highlands and Islands,61969," 33,486 ",54.0," 33,548 ",54.1," 33,694 ",54.4, -   , 14 , -   , 48 , 62 ,"12,110",21,5,45,"12,181","9,388",99,15,0,21,5,104,25,"2,793","12,181","9,388","9,279",15,2,31,7,45,9,"9,388",128,114,109,"9,180",255,47,5,307,
S16000133,Motherwell & Wishaw,Central Scotland,57062," 29,233 ",51.2," 29,271 ",51.3," 29,366 ",51.5, 3 , 7 , -   , 28 , 38 ,"7,518",14,5,0,"7,537","4,743",16,111,4,5,14,66,9,"2,569","7,537","4,636","4,610",12,2,8,5,1,0,"4,638",76,127,28,"4,610",62,1,1,64,
S16000110,Nah h-Eilanan an Iar,Highlands and Islands,21695," 13,233 ",61.0," 13,272 ",61.2," 13,338 ",61.5, -   , 10 , -   , 29 , 39 ,"4,531",6,5,0,"4,542","3,609",38,6,62,5,6,10,3,814,"4,542","3,576","3,504",3,3,13,29,22,2,"3,576",44,44,72,"3,504",126,10,0,136,
S16000134,North East Fife,Mid Scotland and Fife,54052," 34,131 ",63.1," 34,179 ",63.2," 34,325 ",63.5, -   , 9 , -   , 34 , 48 ,"10,134",4,2,0,"10,140","8,195",52,33,0,2,4,50,35,"1,769","10,140","8,195","8,053",15,3,20,51,48,5,"8,195",52,85,142,"8,001",179,4,1,184,
S16000135,Orkney Islands,Highlands and Islands,16997," 10,537 ",62.0," 10,556 ",62.1," 10,589 ",62.3, -   , 4 , -   , 15 , 19 ,"4,253",6,5,0,"4,264","3,488",19,4,0,5,6,22,6,712,"4,264","3,476","3,436",6,3,11,8,12,0,"3,476",61,23,40,"3,436",94,13,7,114,
S16000136,Paisley,West Scotland,51673," 29,573 ",57.2," 29,616 ",57.3," 29,688 ",57.5, -   , 11 , -   , 32 , 43 ,"11,049",22,4,0,"11,075","8,553",16,152,0,4,22,99,12,"2,217","11,075","8,553","8,438",7,11,2,45,43,7,"8,553",82,168,115,"8,438",69,2,6,77,
S16000137,Perthshire North,Mid Scotland and Fife,54225," 34,112 ",62.9," 34,171 ",63.0," 34,324 ",63.3, -   , 14 , 1 , 44 , 59 ,"11,214",10,1,29,"11,254","9,168",57,45,5,1,10,50,18,"1,900","11,254","9,168","9,020",21,0,35,54,23,15,"9,168",103,102,148,"8,956",177,5,9,191,
S16000138,Perthshire South & Kinross-shire,Mid Scotland and Fife,59364," 36,199 ",61.0," 36,271 ",61.1," 36,408 ",61.3, -   , 19 , -   , 53 , 72 ,"11,556",15,1,15,"11,587","9,228",69,42,2,1,15,26,29,"2,175","11,587","9,228","9,083",14,3,37,57,14,20,"9,228",86,122,145,"9,019",184,3,6,193,
S16000139,Renfrewshire North & West,West Scotland,50555," 30,830 ",61.0," 30,864 ",61.1," 30,913 ",61.1, -   , 6 , -   , 28 , 34 ,"9,968",17,7,0,"9,992","7,867",14,100,0,7,17,61,11,"1,915","9,992","7,872","7,784",7,8,4,29,31,4,"7,867",60,114,83,"7,784",85,6,3,94,
S16000140,Renfrewshire South,West Scotland,49422," 29,793 ",60.3," 29,842 ",60.4," 29,871 ",60.4, -   , 14 , -   , 35 , 49 ,"9,372",16,3,0,"9,391","7,450",13,103,0,3,16,50,9,"1,747","9,391","7,450","7,372",9,5,1,33,26,4,"7,450",57,116,78,"7,372",58,3,2,63,
S16000141,Rutherglen,Glasgow,60707," 33,056 ",54.5," 33,112 ",54.5," 33,152 ",54.6, -   , 14 , -   , 42 , 56 ,"9,035",15,8,2,"9,060","6,513",61,29,54,8,15,14,20,"2,346","9,060","6,513","6,417",3,3,30,27,30,3,"6,513",101,90,96,"6,417",91,0,2,93,
S16000142,Shetland Islands,Highlands and Islands,17784," 11,041 ",62.1," 11,087 ",62.3," 11,069 ",62.2, -   , 7 , -   , 39 , 46 ,"2,788",10,2,9,"2,809","2,284",2,4,19,2,10,14,3,471,"2,809","2,277","2,256",2,0,8,3,8,0,"2,277",26,6,21,"2,256",84,2,4,90,
S16000143,"Skye, Lochaber & Badenoch",Highlands and Islands,59537," 36,639 ",61.5," 36,685 ",61.6," 36,752 ",61.7, -   , 5 , 1 , 40 , 46 ,"10,944",15,1,8,"10,968","8,553",62,20,97,1,17,51,27,"2,140","10,968","8,553","8,440",16,3,24,28,41,1,"8,553",71,82,113,"8,440",230,17,12,259,
S16000144,Stirling,Mid Scotland and Fife,55785," 34,276 ",61.4," 34,334 ",61.5," 34,456 ",61.8, -   , 11 , 4 , 43 , 58 ,"8,186",3,4,2,"8,195","6,714",43,14,0,4,3,33,14,"1,370","8,195","6,714","6,591",17,6,22,36,32,10,"6,714",93,57,123,"6,534",182,1,5,188,
S16000145,Strathkelvin & Bearsden,West Scotland,62607," 39,333 ",62.8," 39,395 ",62.9," 39,333 ",62.8, -   , 12 , -   , 50 , 62 ,"9,701",23,0,2,"9,726","7,819",9,127,0,0,23,35,10,"1,703","9,726","7,895","7,819",5,5,1,21,44,0,"7,895",83,136,76,"7,819",164,4,5,173,
S16000146,Uddingston & Bellshill,Central Scotland,57565," 29,659 ",51.5," 29,699 ",51.6," 29,788 ",51.7, -   , 13 , -   , 27 , 40 ,"7,324",12,1,0,"7,337","4,749",19,120,2,1,12,58,7,"2,369","7,337","4,641","4,620",3,3,1,7,4,3,"4,641",38,139,21,"4,620",62,2,3,67,
,,,,,,,,,,,,,,,,,,,,,,,,,,,,,,,,,,,,,,,,,,,,,,,
,,TOTAL SCOTLAND," 4,098,462 "," 2,285,750 ",55.8," 2,289,673 ",55.9," 2,298,818 ",56.1, 30 , 868 , 24 ," 2,996 "," 3,923 "," 726,555 "," 1,082 ", 345 , 467 ," 728,397 "," 557,147 "," 3,231 "," 3,349 "," 1,589 ", 404 ," 1,025 "," 4,313 "," 1,536 "," 156,076 "," 714,743 "," 557,084 "," 545,940 ", 948 , 284 ," 2,007 "," 3,278 "," 3,839 ", 763 ," 557,081 "," 9,105 "," 6,597 "," 11,133 "," 544,079 "," 9,005 ", 516 , 366 ," 9,887 ",
,,,,,,,,,,,,,,,,,,,,,,,,,,,,,,,,,,,,,,,,,,,,,,,
,,,,,,,,,,,,,,,,,,,,,,,,,,,,,,,,,,,,,,,,,,,,,,,
,,REGION TOTAL,,,,,,,,,,,,,,,,,,,,,,,,,,,,,,,,,,,,,,,,,,,,,
,,Central Scotland,"510,606","270,704",53.0,"271,104",53.1,"271,895",53.2,5,86,1,308,400,"68,152",117,30,3,"68,302","48,064",212,704,80,30,117,354,98,"18,643","68,302","47,470","46,873",69,17,135,89,250,41,"47,474",587,916,602,"46,873",808,14,26,848,
,,Glasgow,"522,993","248,109",47.4,"248,675",47.5,"249,883",47.8,0,161,5,400,566,"75,021",126,60,2,"75,209","52,209",558,260,54,60,126,"1,182",263,"20,497","61,560","52,209","50,856",104,26,286,511,321,105,"52,209","1,727",818,"1,353","50,435",222,16,21,259,
,,Highlands and Islands,"348,303","205,313",58.9,"205,683",59.1,"206,151",59.2,0,66,2,302,370,"68,188",94,29,85,"68,396","53,338",414,115,478,43,84,402,146,"13,654","68,396","53,338","52,651",95,20,155,147,251,19,"53,338",590,529,687,"52,500","1,413",120,49,"1,582",
,,Lothian,"565,860","327,178",57.8,"327,719",57.9,"330,749",58.5,0,144,2,395,541,"112,142",166,30,8,"112,346","86,934",218,575,104,32,168,726,225,"23,364","112,346","86,857","83,859",180,52,496,598,"1,430",242,"86,857","2,411",801,"2,998","83,363","1,476",119,60,"1,655",
,,Mid Scotland and Fife,"499,093","291,172",58.3,"291,645",58.4,"293,048",58.7,0,112,6,350,473,"89,569",75,15,48,"89,707","70,503",524,260,65,17,75,333,220,"17,710","89,707","70,503","69,179",126,22,269,463,340,104,"70,503",631,795,"1,324","68,627","1,189",37,35,"1,261",
,,North East Scotland,"579,557","307,006",53.0,"307,524",53.1,"308,036",53.2,0,103,4,411,518,"118,330",142,54,308,"118,782","89,871",693,236,450,81,107,497,211,"26,638","118,784","90,198","88,674",146,38,345,479,432,82,"90,196",940,928,"1,522","88,841","1,537",94,62,"1,693",
,,South Scotand,"533,804","314,192",58.9,"314,723",59.0,"315,982",59.2,0,103,3,425,531,"98,158",166,81,8,"98,413","79,171",374,210,238,81,166,291,219,"17,663","98,413","79,374","77,672",164,63,252,548,529,124,"79,374","1,347",583,"1,702","77,381","1,296",73,75,"1,444",
,,West Scotland,"538,246","322,076",59.8,"322,600",59.9,"323,074",60.0,25,93,1,405,524,"96,995",196,46,5,"97,242","77,057",238,989,120,60,182,528,154,"17,907","97,235","77,135","76,176",64,46,69,443,286,46,"77,130",872,"1,227",945,"76,059","1,064",43,38,"1,145",
